drug_class,n,age_mean,age_sd,pct_female,cci_mean,followup_median
glp1,1056,54.04356060606061,13.621212764210368,49.43181818181818,0.9109848484848485,464.5
metformin,2973,53.5607130844265,13.380047459416527,51.160443995963675,0.8577194752774975,587.0
sglt2,971,54.02574665293512,13.322191250895619,50.25746652935118,0.8568486096807415,517.0
