drug_class,n,age_mean,age_sd,pct_female,cci_mean,followup_median
glp1,5955,53.81528127623846,13.398060672938618,49.353484466834594,0.8614609571788413,469.0
metformin,17928,53.78765060240964,13.455260848646729,49.39759036144578,0.8785140562248996,589.0
sglt2,6117,53.71391204838973,13.411528199047996,51.92087624652607,0.8703612882131764,519.0
