.y.,group1,group2,n1,n2,statistic,p,p.adj,p.adj.signif
ttd_days,glp1,metformin,5955,17928,30.916280106042084,7.217899376142437e-210,2.1653698128427312e-209,****
ttd_days,glp1,sglt2,5955,6117,12.092219422536413,1.1610716897198258e-33,1.1610716897198258e-33,****
ttd_days,metformin,sglt2,17928,6117,-16.361764974063185,3.585827677856034e-60,5.378741516784051e-60,****
