.y.,group1,group2,n1,n2,statistic,p,p.adj,p.adj.signif
ttd_days,glp1,metformin,1056,2973,13.533177259007028,9.962294797921208e-42,2.9886884393763624e-41,****
ttd_days,glp1,sglt2,1056,971,4.901973187846608,9.487878848806312e-7,9.487878848806312e-7,****
ttd_days,metformin,sglt2,2973,971,-7.21967980281004,5.211012654927287e-13,7.816518982390931e-13,****
