split,auc,accuracy,precision,recall,f1,brier,auprc
fold_1,0.9581904537070011,0.909,0.8732142857142857,0.9607072691552063,0.9148737137511693,0.07103147147240206,0.9471912716915943
fold_2,0.9631520612678508,0.908,0.8853974121996303,0.9410609037328095,0.9123809523809524,0.07530039106732526,0.9465953867105064
fold_3,0.9731272932430108,0.917,0.8973880597014925,0.9449901768172888,0.9205741626794258,0.06125551861764991,0.9674093636813039
fold_4,0.953288865592452,0.915,0.8799283154121864,0.9646365422396856,0.9203373945641987,0.06985080924047793,0.9274113677123154
fold_5,0.95508144638863,0.916,0.8842676311030742,0.9607072691552063,0.9209039548022598,0.06965803192859574,0.9307830271464747
mean,0.9605680240397889,0.913,0.8840391408261338,0.9544204322200394,0.9178140356356013,0.06941924446529017,0.943878083388439
std,0.007955407186718895,0.004183300132670382,0.00886238001114942,0.01061631126609531,0.003927375983818058,0.0051009030720141684,0.01592729833835734
