split,auc,accuracy,precision,recall,f1,brier,auprc
fold_1,0.9593845248735926,0.9048333333333334,0.8750759878419453,0.9473511023362948,0.9097803760467689,0.07149081020376279,0.9506966164598617
fold_2,0.961447873579524,0.9038333333333334,0.8707831325301205,0.9512997696610728,0.9092624626513602,0.07058856465128717,0.9530279938096703
fold_3,0.9611894952923559,0.904,0.8696696696696696,0.9532587228439763,0.9095477386934674,0.06995168733042874,0.9510843582617771
fold_4,0.9623181208184959,0.9061666666666667,0.8757971454600668,0.9493087557603687,0.9110725003948823,0.06890362790540769,0.9539599239186928
fold_5,0.9600510904193961,0.9023333333333333,0.8749235474006116,0.9417379855167873,0.9071020925808497,0.07141086173386377,0.9505574650701623
mean,0.9608782209966729,0.9042333333333333,0.8732498965804828,0.9485912672236999,0.9093530340734656,0.07046911036495003,0.9518652715040329
std,0.0011629682228202877,0.0014073221221723115,0.002807451817508188,0.0044198811161333925,0.0014363178850245,0.001079756622553572,0.0015350431322065476
